Task_name,Participant #,Runtime_mod,Movie_time,Absorption_response,Other_response,Problem_response,Words_response,Sounds_response,Images_response,Past_response,Distracting_response,Focus_response,Intrusive_response,Deliberate_response,Detailed_response,Future_response,Emotion_response,Self_response,Knowledge_response,Gradient 1,Gradient 2,Gradient 3
Movie Task-lms,subject001,14,133.04402249999112,8.599999999999987,8.000000000000004,4.700000000000003,9.299999999999986,2.4000000000000012,2.0999999999999983,2.0000000000000044,5.3,8.500000000000002,2.5000000000000013,8.699999999999994,4.900000000000011,6.899999999999994,7.899999999999993,2.5000000000000084,3.7000000000000006,0,0,0
Movie Task-lms,subject001,14,116.21083870000439,7.30000000000001,8.199999999999989,3.9000000000000132,9.399999999999999,1.0999999999999985,8.49999999999999,4.30000000000001,3.900000000000001,7.799999999999991,3.3000000000000163,6.399999999999996,3.9999999999999987,3.1000000000000054,3.200000000000002,2.100000000000001,4.400000000000017,0,0,0
Movie Task-lms,subject001,14,129.44355490000453,7.000000000000011,4.100000000000001,2.2999999999999994,4.300000000000013,1.3999999999999986,8.49999999999999,4.900000000000011,7.1,7.500000000000002,7.500000000000005,2.800000000000016,3.7000000000000006,2.3000000000000047,6.699999999999994,5.700000000000008,2.600000000000005,0,0,0
Movie Task-lms,subject001,14,146.63476889999583,4.300000000000001,7.0,6.0000000000000036,7.500000000000009,3.5000000000000093,6.999999999999994,2.8000000000000123,3.100000000000016,8.900000000000004,4.100000000000003,3.3000000000000127,3.3999999999999995,2.900000000000009,9.899999999999984,3.6000000000000165,2.3999999999999986,0,0,0
Movie Task-lms,subject001,14,161.29701539999223,7.399999999999999,8.300000000000002,4.0,6.499999999999998,2.4999999999999973,7.0000000000000036,2.5999999999999996,3.8000000000000016,8.399999999999988,1.6999999999999993,5.700000000000015,3.5000000000000004,3.5999999999999996,6.499999999999997,2.8000000000000007,1.8999999999999984,0,0,0
Movie Task-lms,subject001,14,7.347309900011169,7.799999999999992,7.400000000000006,2.900000000000016,4.500000000000002,2.499999999999998,6.700000000000012,3.0000000000000018,3.200000000000001,8.49999999999999,2.700000000000005,3.8000000000000007,2.2000000000000046,2.9999999999999982,7.999999999999992,2.3999999999999972,2.0999999999999974,0,0,0
Movie Task-c4,subject001,6,153.79156810001587,5.900000000000004,5.800000000000008,2.300000000000001,8.199999999999989,2.5000000000000013,2.300000000000001,1.200000000000001,7.299999999999995,6.20000000000001,6.300000000000006,2.7000000000000157,4.20000000000001,2.599999999999998,6.299999999999997,7.399999999999992,3.099999999999999,0,0,0
Movie Task-c4,subject001,6,114.81112580001354,3.9000000000000026,7.69999999999999,2.2999999999999994,8.29999999999999,3.0000000000000053,2.900000000000016,2.0000000000000044,3.2999999999999985,7.299999999999994,1.5999999999999992,6.399999999999996,5.800000000000008,1.2999999999999985,7.999999999999992,2.499999999999998,2.500000000000012,0,0,0
Movie Task-c4,subject001,6,159.7174225000199,6.599999999999994,3.6000000000000165,2.4000000000000155,7.099999999999993,6.7999999999999945,4.300000000000013,2.0,4.700000000000003,7.099999999999995,5.000000000000014,6.099999999999999,2.899999999999998,2.4999999999999973,7.3000000000000025,3.7000000000000006,4.000000000000006,0,0,0
Movie Task-c4,subject001,6,158.3785050000006,6.099999999999997,2.0,3.0000000000000124,7.300000000000006,4.100000000000003,4.9,2.3000000000000003,6.30000000000001,4.8000000000000025,3.4000000000000004,3.5999999999999988,3.9000000000000097,1.9999999999999982,6.600000000000001,5.200000000000001,3.4000000000000012,0,0,0
Movie Task-c4,subject001,6,98.81335100001888,7.299999999999995,4.900000000000004,3.9000000000000017,7.599999999999994,3.3999999999999986,9.499999999999988,1.2000000000000153,2.700000000000012,8.399999999999991,4.000000000000013,6.800000000000001,6.9000000000000075,2.0000000000000044,4.300000000000017,2.0999999999999983,1.6999999999999993,0,0,0
Movie Task-c4,subject001,6,6.146714599977713,7.399999999999995,2.899999999999999,1.4000000000000117,7.799999999999991,1.6999999999999984,2.7000000000000015,8.400000000000002,3.0,8.500000000000002,2.9000000000000052,7.599999999999994,6.600000000000005,8.0,4.600000000000014,1.2999999999999985,5.000000000000002,0,0,0
Movie Task-summer,subject001,5,130.20645110000623,5.900000000000004,4.000000000000006,1.800000000000001,7.600000000000001,2.400000000000012,3.1999999999999993,2.1999999999999975,4.5000000000000036,7.800000000000008,3.6000000000000023,5.000000000000011,6.500000000000009,4.900000000000004,7.9000000000000075,6.6000000000000085,4.800000000000003,0,0,0
Movie Task-summer,subject001,5,143.00027489999775,9.499999999999984,9.199999999999992,1.5000000000000115,6.800000000000011,2.5000000000000155,7.799999999999997,2.100000000000008,2.1999999999999984,8.899999999999997,2.3999999999999986,8.900000000000004,3.0,1.9000000000000115,10.0,1.5999999999999992,2.800000000000016,0,0,0
Movie Task-summer,subject001,5,127.0201037999941,3.9999999999999987,9.200000000000003,2.3999999999999977,8.89999999999999,4.3000000000000025,3.6999999999999984,1.9999999999999973,2.3000000000000083,9.0,3.400000000000002,6.699999999999996,4.200000000000006,1.0,10.0,2.1999999999999975,2.0999999999999974,0,0,0
Movie Task-summer,subject001,5,113.28869380001561,3.5000000000000004,7.299999999999995,1.7999999999999994,7.500000000000002,7.999999999999993,2.5000000000000155,2.4999999999999987,3.3999999999999986,7.499999999999995,3.8000000000000025,6.7999999999999945,5.3,1.0,9.0,2.499999999999998,3.200000000000009,0,0,0
Movie Task-summer,subject001,5,144.75234209999326,8.200000000000006,6.799999999999996,3.3000000000000056,8.100000000000007,7.2999999999999945,2.300000000000001,5.200000000000017,3.200000000000009,9.499999999999998,2.2000000000000046,6.699999999999997,3.5000000000000058,2.1999999999999975,3.0000000000000018,3.3000000000000127,2.8000000000000087,0,0,0
Movie Task-summer,subject001,5,5.528680199990049,2.2000000000000153,7.799999999999994,1.100000000000008,7.499999999999994,3.7000000000000015,3.1000000000000054,2.3000000000000047,2.4000000000000155,8.29999999999999,9.0,8.79999999999999,7.0000000000000036,1.6999999999999975,2.700000000000005,2.1000000000000116,2.0999999999999974,0,0,0
Movie Task-c4,subject002,-13,195.7707950999902,1.6999999999999975,9.099999999999996,4.10000000000001,9.0,8.399999999999991,7.000000000000007,1.1000000000000045,1.7999999999999994,8.399999999999988,5.000000000000001,7.100000000000007,8.999999999999993,4.9000000000000075,3.4999999999999982,5.10000000000001,7.899999999999992,0,0,0
Movie Task-c4,subject002,-13,114.54186860000482,6.499999999999995,10.0,2.2000000000000153,8.400000000000006,8.999999999999986,10.0,1.0,5.800000000000004,10.0,5.000000000000003,8.69999999999999,9.099999999999993,10.0,8.600000000000005,10.0,5.0,0,0,0
Movie Task-c4,subject002,-13,99.09476579999318,1.0,9.500000000000002,1.9999999999999973,6.299999999999999,2.400000000000005,5.000000000000001,1.2000000000000002,2.0000000000000044,9.599999999999987,1.0,3.200000000000009,3.099999999999999,2.000000000000015,7.500000000000005,1.4,6.399999999999998,0,0,0
Movie Task-c4,subject002,-13,145.71638700000767,8.299999999999988,10.0,4.500000000000002,8.599999999999998,9.700000000000001,8.699999999999987,8.799999999999994,9.299999999999988,9.0,1.0,1.9,9.0,9.599999999999984,10.0,9.099999999999985,4.8000000000000105,0,0,0
Movie Task-c4,subject002,-13,99.86364630000025,9.0,7.599999999999993,1.9999999999999991,7.499999999999995,6.9999999999999964,6.199999999999997,9.500000000000002,9.0,8.699999999999994,7.0000000000000036,2.0999999999999974,6.7999999999999945,3.900000000000017,3.7000000000000166,10.0,9.0,0,0,0
Movie Task-c4,subject002,-13,7.368981400009943,1.9999999999999991,1.4000000000000152,2.700000000000005,9.699999999999987,1.500000000000008,1.2000000000000002,1.8999999999999992,1.0,1.5000000000000044,6.000000000000011,9.599999999999994,5.100000000000002,1.2000000000000002,2.799999999999998,3.500000000000013,6.799999999999996,0,0,0
Movie Task-summer,subject002,-14,148.9893091999984,1.0,5.500000000000002,1.0,1.900000000000015,5.0,6.0,1.4000000000000046,1.0,9.099999999999989,1.100000000000001,5.000000000000007,5.199999999999999,1.5999999999999974,7.0,1.1999999999999975,7.400000000000009,0,0,0
Movie Task-summer,subject002,-14,72.30790569999954,1.0,2.0,1.9999999999999973,4.200000000000006,7.400000000000006,6.0,2.0,1.0,9.199999999999989,1.3999999999999977,5.10000000000001,5.0000000000000036,1.3000000000000003,5.7,5.0,5.0,0,0,0
Movie Task-summer,subject002,-14,222.62752420001198,1.0,7.10000000000001,2.2999999999999976,8.000000000000004,7.10000000000001,4.0,6.599999999999995,1.0,10.0,2.8000000000000016,3.200000000000002,7.30000000000001,1.7999999999999985,8.200000000000006,5.0,6.699999999999995,0,0,0
Movie Task-summer,subject002,-14,67.57050699999672,1.0,8.000000000000007,2.2999999999999985,4.000000000000002,6.800000000000004,5.500000000000002,2.1000000000000045,1.0,10.0,3.1000000000000054,4.500000000000011,6.100000000000003,2.0,5.899999999999998,4.000000000000002,6.000000000000007,0,0,0
Movie Task-summer,subject002,-14,127.31710700000986,4.40000000000001,7.30000000000001,2.899999999999999,3.699999999999999,2.5999999999999996,6.700000000000001,2.5999999999999996,1.0,10.0,4.400000000000001,5.600000000000016,5.0,1.900000000000015,6.000000000000011,6.9000000000000075,6.30000000000001,0,0,0
Movie Task-summer,subject002,-14,7.263871400005883,1.0,4.400000000000001,2.8000000000000123,5.700000000000005,7.500000000000009,4.0,4.5,1.0,10.0,2.9,5.700000000000001,5.0,3.4000000000000057,4.200000000000001,5.3999999999999995,4.000000000000002,0,0,0
Movie Task-lms,subject002,-7,134.12689719999616,1.0,3.2999999999999994,2.3999999999999986,4.3999999999999995,4.600000000000002,6.400000000000002,1.8,1.9000000000000008,9.599999999999998,3.200000000000016,5.0,7.30000000000001,5.700000000000012,5.000000000000002,6.700000000000008,5.000000000000002,0,0,0
Movie Task-lms,subject002,-7,128.4694099999906,1.5000000000000115,4.700000000000001,2.5000000000000004,4.000000000000002,7.0,5.000000000000003,5.700000000000012,1.0,9.399999999999991,3.000000000000009,6.0,4.900000000000004,2.3,5.0,4.800000000000001,4.100000000000001,0,0,0
Movie Task-lms,subject002,-7,112.93950189999305,1.3000000000000083,7.0,5.900000000000011,8.0,7.500000000000005,4.400000000000001,4.700000000000003,2.0,10.0,3.100000000000016,4.800000000000002,3.0,2.899999999999999,5.0,6.0,5.100000000000003,0,0,0
Movie Task-lms,subject002,-7,235.45433610001055,2.0000000000000115,4.0,4.000000000000017,7.0,5.800000000000001,7.0,2.0,2.0,8.799999999999988,3.5000000000000058,4.40000000000001,4.200000000000006,2.6000000000000085,5.000000000000001,4.200000000000001,7.30000000000001,0,0,0
Movie Task-lms,subject002,-7,62.065577100001974,1.9000000000000008,5.000000000000002,3.899999999999999,5.100000000000002,6.9000000000000075,4.500000000000007,3.600000000000013,1.7000000000000046,9.199999999999992,2.3999999999999977,5.0,5.30000000000001,3.1999999999999984,5.0,4.0,4.200000000000003,0,0,0
Movie Task-lms,subject002,-7,4.7420014000090305,1.9000000000000044,4.200000000000002,4.400000000000014,7.700000000000008,7.000000000000011,6.100000000000007,2.699999999999999,1.6999999999999975,9.899999999999993,3.0999999999999983,5.0,4.0,3.200000000000001,6.000000000000011,3.8000000000000007,4.5000000000000036,0,0,0
Movie Task-summer,subject003,-6,149.17054339998867,4.100000000000001,6.900000000000011,5.0,6.599999999999994,2.8000000000000087,6.799999999999994,4.0,1.8000000000000045,7.499999999999995,1.4999999999999993,2.3999999999999995,4.500000000000018,4.5,9.0,1.9999999999999982,7.100000000000007,0,0,0
Movie Task-summer,subject003,-6,206.66361889999826,9.000000000000004,7.6000000000000085,4.20000000000001,2.799999999999999,9.0,7.699999999999992,3.500000000000013,1.5999999999999983,6.199999999999997,1.7999999999999994,3.0000000000000018,3.500000000000002,3.3000000000000163,10.0,2.0999999999999974,4.800000000000014,0,0,0
Movie Task-summer,subject003,-6,86.1840714000864,7.099999999999994,6.099999999999996,4.600000000000001,4.600000000000003,4.600000000000014,8.19999999999999,6.499999999999996,1.4999999999999976,5.899999999999998,2.1999999999999975,2.8000000000000016,2.2999999999999994,2.9000000000000123,8.699999999999987,6.500000000000005,6.399999999999998,0,0,0
Movie Task-summer,subject003,-6,72.19147270009853,3.2999999999999994,6.099999999999997,3.5999999999999988,3.0,2.9000000000000052,7.800000000000004,3.0,1.0,4.30000000000001,2.4000000000000083,2.0,2.7000000000000086,7.10000000000001,7.8999999999999915,8.200000000000003,3.900000000000001,0,0,0
Movie Task-summer,subject003,-6,174.33841099997517,7.200000000000003,7.500000000000009,6.499999999999995,4.200000000000017,7.300000000000006,7.199999999999994,6.899999999999993,1.9999999999999973,3.4999999999999987,2.1000000000000116,2.200000000000008,3.0,7.600000000000005,6.999999999999996,4.4,4.500000000000014,0,0,0
Movie Task-summer,subject003,-6,6.275705699925311,2.8000000000000007,3.9000000000000132,4.200000000000003,3.200000000000002,3.5000000000000164,3.0,3.700000000000013,2.0,3.6000000000000014,1.9000000000000008,2.300000000000012,2.6000000000000085,2.3000000000000047,6.9999999999999964,3.0000000000000053,3.600000000000013,0,0,0
Movie Task-lms,subject003,8,204.74780899996404,2.8000000000000016,8.700000000000005,4.400000000000001,2.6000000000000156,4.0,3.0,3.0,1.5999999999999992,4.000000000000017,2.0,4.0,6.500000000000002,7.399999999999993,7.100000000000003,2.5000000000000013,7.099999999999994,0,0,0
Movie Task-lms,subject003,8,97.91024649993051,6.699999999999996,7.599999999999992,7.800000000000008,3.5000000000000058,2.8000000000000123,7.6999999999999975,3.200000000000001,1.9000000000000115,7.299999999999992,3.500000000000002,3.900000000000017,7.800000000000008,3.1999999999999984,6.999999999999994,2.700000000000012,7.799999999999991,0,0,0
Movie Task-lms,subject003,8,83.2831823999295,7.300000000000006,4.0,7.0,3.200000000000016,3.3999999999999986,4.000000000000003,2.1999999999999984,2.0,4.3999999999999995,3.400000000000013,4.60000000000001,8.100000000000007,6.499999999999995,8.600000000000005,3.3000000000000056,6.899999999999997,0,0,0
Movie Task-lms,subject003,8,188.18304819997866,7.0,4.200000000000003,6.399999999999996,5.600000000000012,2.999999999999999,7.399999999999994,3.0,2.400000000000005,3.8000000000000167,2.5000000000000004,2.9999999999999982,7.20000000000001,6.500000000000005,7.800000000000008,2.400000000000012,7.200000000000006,0,0,0
Movie Task-lms,subject003,8,128.2350640000077,7.500000000000005,3.900000000000006,3.2,3.9000000000000026,4.0,7.100000000000007,5.100000000000014,2.2000000000000117,7.199999999999992,2.8000000000000123,3.5000000000000013,4.400000000000007,5.9999999999999964,8.200000000000006,2.6999999999999997,8.299999999999995,0,0,0
Movie Task-lms,subject003,8,3.9278859000187367,7.5999999999999925,4.0,2.0,3.000000000000016,3.200000000000016,3.600000000000006,3.0,2.3000000000000154,4.40000000000001,3.7000000000000095,2.3999999999999977,8.0,3.6000000000000023,8.0,2.7000000000000157,7.0,0,0,0
Movie Task-c4,subject003,-7,130.0385140000144,1.5999999999999992,2.1000000000000045,2.4999999999999987,2.100000000000001,4.000000000000013,2.300000000000001,2.6000000000000014,1.7000000000000117,2.7000000000000015,1.0999999999999976,2.0,1.6999999999999975,2.1000000000000116,7.100000000000007,2.1000000000000116,2.5000000000000155,0,0,0
Movie Task-c4,subject003,-7,144.28212490002625,3.0999999999999983,1.8000000000000045,3.0,2.799999999999998,1.0,2.0,2.600000000000012,1.2999999999999985,4.00000000000001,1.2999999999999985,2.4000000000000083,2.0,2.300000000000012,4.600000000000017,1.800000000000001,2.2000000000000153,0,0,0
Movie Task-c4,subject003,-7,128.25185270002112,7.700000000000008,4.100000000000007,6.500000000000005,2.1999999999999984,2.0,3.5000000000000058,2.400000000000005,2.400000000000005,5.000000000000007,2.800000000000005,3.700000000000006,2.499999999999998,3.9000000000000097,6.799999999999997,2.2000000000000153,6.199999999999998,0,0,0
Movie Task-c4,subject003,-7,112.68852259998675,7.399999999999992,2.0,3.8000000000000167,3.1000000000000054,2.699999999999999,3.0,3.0000000000000124,3.4999999999999987,2.0,2.200000000000001,3.0000000000000124,2.7000000000000086,3.200000000000001,6.799999999999997,3.000000000000016,6.200000000000003,0,0,0
Movie Task-c4,subject003,-7,142.8128013999667,1.9999999999999982,2.700000000000005,3.799999999999999,2.9000000000000052,2.499999999999998,2.0,3.600000000000006,1.9999999999999982,1.8999999999999992,3.1000000000000054,1.7999999999999985,3.000000000000016,4.000000000000013,6.299999999999999,2.3999999999999986,2.9999999999999982,0,0,0
Movie Task-c4,subject003,-7,4.305031500058249,3.0,2.900000000000016,7.0,1.5999999999999992,4.400000000000002,6.0,2.200000000000001,1.9000000000000008,7.0,2.400000000000005,3.5000000000000058,7.6000000000000085,3.3000000000000056,6.199999999999999,2.599999999999998,6.599999999999996,0,0,0
Movie Task-lms,subject004,-10,108.07736200000001,1,1.6,1,6.8,6.7,5.7,1,1,1,1,2,2.3,1,5.9,1,2.6,0,0,0
Movie Task-lms,subject004,-10,188.36632389999997,1.6,3.6,4.6,6.2,5.9,6.2,6,1,1,1,2.4,4.1,1,4.1,1,5.3,0,0,0
Movie Task-lms,subject004,-10,157.80833430000007,1,4.1,7.3,1,5.6,6,5.9,1,1,1,1,1,1,7.1,1,6.1,0,0,0
Movie Task-lms,subject004,-10,128.2506538,1,1.8,1,3.3,7,2.5,1,1,1.1,1,1,2.7,1,5.2,1,2.1,0,0,0
Movie Task-lms,subject004,-10,113.70603660000006,1,2.2,1,8,5.7,5,1,1.2,1,1,6.3,1,1,5.3,1,6.6,0,0,0
Movie Task-lms,subject004,-10,4.7202290000000175,1,1,1.1,5.3,6,1,1.2,1,1,1,1,1,1,4.7,1,5.9,0,0,0
Movie Task-c4,subject004,-9,195.44801599999982,1,1,1,6.2,6,6.3,1,1,1.9,1,1,2.7,1,4.1,1,1,0,0,0
Movie Task-c4,subject004,-9,158.42514800000004,1,5.3,1,5,5.6,1,2,1,1,1,1,3.3,1,4.4,1,6.8,0,0,0
Movie Task-c4,subject004,-9,112.838933,1,1,1.3,6,1,6.2,2.3,1,1,1,1,2.1,1,4.5,1,4.1,0,0,0
Movie Task-c4,subject004,-9,133.82219600000008,1,5.8,2.7,1,2.3,6.5,5,1,1,1,1,2.1,1,3.7,1,1.5,0,0,0
Movie Task-c4,subject004,-9,131.52000299999986,1,3.4,2.1,3,1,1,1,4.1,1,1,2.5,1,1,2.5,1,4,0,0,0
Movie Task-c4,subject004,-9,5.908036999999695,1,5.5,5.1,7.1,6.2,1,2.3,1,1,1,5.6,1,1,2.3,1,3,0,0,0
Movie Task-summer,subject005,-8,151.15883420000318,3.000000000000001,9.799999999999994,2.4000000000000083,3.2999999999999994,7.0999999999999925,7.600000000000001,3.699999999999999,3.1999999999999993,2.2999999999999985,4.4,7.399999999999999,4.900000000000011,4.7000000000000135,8.0,4.30000000000001,7.199999999999994,0,0,0
Movie Task-summer,subject005,-8,121.19552079995628,7.799999999999997,10.0,3.4000000000000163,7.599999999999998,7.30000000000001,8.49999999999999,2.100000000000008,4.400000000000007,3.800000000000006,3.799999999999999,9.699999999999998,7.5999999999999925,10.0,10.0,8.39999999999999,9.299999999999992,0,0,0
Movie Task-summer,subject005,-8,149.7524970000377,7.899999999999992,9.600000000000001,3.400000000000013,7.499999999999992,4.0,8.300000000000002,3.700000000000006,7.199999999999999,6.0,8.0,7.700000000000008,5.599999999999998,4.0,9.0,8.39999999999999,8.79999999999999,0,0,0
Movie Task-summer,subject005,-8,129.10245929996017,6.0,9.0,3.6000000000000023,6.7999999999999945,8.999999999999986,7.999999999999991,3.7000000000000006,3.900000000000017,3.600000000000006,6.0,9.200000000000003,5.000000000000007,8.400000000000002,9.0,7.5999999999999925,7.199999999999992,0,0,0
Movie Task-summer,subject005,-8,99.62773459998425,8.0,10.0,2.0,6.0,7.0,9.0,4.0,3.6000000000000014,6.299999999999997,6.0,8.49999999999999,8.600000000000001,10.0,8.29999999999999,4.0,5.199999999999999,0,0,0
Movie Task-summer,subject005,-8,4.779659499996342,2.0,3.8000000000000025,3.3999999999999986,5.0,2.0,8.100000000000003,7.0000000000000036,7.20000000000001,7.499999999999992,3.0,7.499999999999991,4.299999999999999,10.0,6.299999999999998,3.7000000000000024,3.0,0,0,0
Movie Task-c4,subject005,12,119.82819699996617,9.099999999999989,3.0,3.000000000000009,2.699999999999999,4.0,7.9000000000000075,4.000000000000006,8.59999999999999,8.499999999999988,9.0,7.699999999999992,4.10000000000001,2.7000000000000015,6.700000000000001,3.0999999999999983,5.10000000000001,0,0,0
Movie Task-c4,subject005,12,113.5568171000341,6.0,2.800000000000005,3.1000000000000054,8.0,1.1999999999999993,6.300000000000013,2.7000000000000015,7.3999999999999915,7.3999999999999915,4.400000000000002,9.0,6.500000000000012,7.000000000000011,5.000000000000002,9.0,7.30000000000001,0,0,0
Movie Task-c4,subject005,12,128.81820860004518,7.599999999999991,5.300000000000002,4.400000000000007,3.400000000000002,3.4999999999999987,4.199999999999999,3.3999999999999986,9.0,6.4999999999999964,6.900000000000004,5.500000000000005,3.0,4.200000000000006,2.8000000000000016,3.0,5.699999999999999,0,0,0
Movie Task-c4,subject005,12,142.59617190004792,7.69999999999999,4.8000000000000105,5.100000000000007,7.0,6.900000000000011,2.0,2.4000000000000004,6.599999999999995,7.299999999999995,2.7000000000000006,2.0,3.0,6.600000000000012,7.0,2.0,2.0,0,0,0
Movie Task-c4,subject005,12,157.69174549996387,10.0,2.9999999999999982,3.0,2.0,3.700000000000006,3.1000000000000054,1.0,9.0,8.999999999999986,2.0,7.0,2.499999999999998,3.200000000000009,7.799999999999997,5.0,4.0,0,0,0
Movie Task-c4,subject005,12,4.2760053999954835,8.899999999999988,3.1999999999999984,3.0,3.0,2.0,3.5000000000000058,2.0,8.599999999999989,8.0,6.2000000000000135,2.0,3.4000000000000057,3.9000000000000026,4.400000000000007,4.000000000000003,2.900000000000001,0,0,0
Movie Task-lms,subject005,9,175.24220239999704,2.799999999999998,2.499999999999998,3.9000000000000132,3.0,7.800000000000008,5.500000000000012,2.2999999999999976,1.4000000000000001,3.7000000000000166,2.4999999999999996,3.800000000000006,4.000000000000003,3.0000000000000124,4.900000000000002,2.0,2.2999999999999985,0,0,0
Movie Task-lms,subject005,9,112.30580139998347,3.5000000000000093,3.700000000000006,2.3999999999999977,3.0,3.1999999999999984,1.9999999999999982,2.099999999999999,3.2000000000000055,5.700000000000015,2.1999999999999975,3.100000000000001,3.2999999999999994,3.900000000000006,2.999999999999999,2.699999999999999,3.0,0,0,0
Movie Task-lms,subject005,9,100.94643889996223,7.399999999999995,5.700000000000012,7.599999999999994,4.9,3.0,3.0,5.999999999999998,4.0,7.699999999999994,3.4999999999999987,5.20000000000001,3.2999999999999994,4.0,3.999999999999999,5.100000000000007,4.299999999999999,0,0,0
Movie Task-lms,subject005,9,146.6497723000357,7.499999999999992,4.199999999999999,3.300000000000001,2.799999999999999,2.2999999999999994,3.999999999999999,5.500000000000002,6.000000000000007,7.399999999999994,3.0,7.800000000000004,5.200000000000003,4.200000000000006,6.799999999999994,6.100000000000014,3.999999999999999,0,0,0
Movie Task-lms,subject005,9,99.56270800007042,7.000000000000011,3.0999999999999983,5.100000000000017,4.500000000000007,2.8000000000000007,3.000000000000001,4.900000000000015,4.70000000000001,6.899999999999993,4.900000000000011,4.30000000000001,3.000000000000001,3.9000000000000132,4.200000000000002,5.2000000000000135,3.2999999999999994,0,0,0
Movie Task-lms,subject005,9,4.06123310001567,8.0,4.0,2.9000000000000017,3.800000000000006,4.200000000000006,2.799999999999999,6.800000000000011,5.400000000000009,7.499999999999991,5.000000000000011,1.7999999999999994,6.300000000000013,3.500000000000002,6.2000000000000135,4.800000000000007,5.600000000000012,0,0,0
Movie Task-c4,subject006,-10,226.23967609999818,2.899999999999998,2.7000000000000006,7.499999999999995,7.20000000000001,7.899999999999991,9.0,6.600000000000005,2.4999999999999996,2.2999999999999994,2.0,7.0000000000000036,8.0,7.6999999999999975,6.899999999999996,2.3999999999999986,4.700000000000001,0,0,0
Movie Task-c4,subject006,-10,118.12637159999576,1.9,2.9000000000000123,6.599999999999997,9.699999999999987,4.600000000000017,8.499999999999998,7.400000000000006,3.2000000000000126,1.2999999999999994,1.6999999999999993,7.499999999999992,7.69999999999999,7.5999999999999925,6.2000000000000135,2.400000000000012,7.399999999999994,0,0,0
Movie Task-c4,subject006,-10,155.75668489999953,2.0,5.3999999999999995,3.400000000000002,9.699999999999985,8.899999999999988,4.400000000000001,7.100000000000003,3.800000000000013,2.3000000000000083,2.5000000000000155,5.499999999999999,8.399999999999991,6.099999999999998,3.9,1.6999999999999975,8.79999999999999,0,0,0
Movie Task-c4,subject006,-10,101.58074040000793,2.100000000000015,2.0999999999999974,1.0999999999999985,7.0,5.100000000000002,8.100000000000007,1.800000000000001,1.700000000000001,2.099999999999999,1.4999999999999984,5.799999999999999,4.000000000000017,1.5000000000000044,5.000000000000001,4.200000000000006,1.4999999999999976,0,0,0
Movie Task-c4,subject006,-10,162.64558789999865,7.99999999999999,4.000000000000017,1.3000000000000012,7.699999999999993,7.999999999999992,8.49999999999999,2.6000000000000014,7.000000000000011,8.099999999999996,8.400000000000006,6.4999999999999964,2.7000000000000006,5.899999999999997,5.200000000000017,7.699999999999991,5.200000000000003,0,0,0
Movie Task-c4,subject006,-10,11.468512199993711,4.800000000000001,1.6999999999999993,4.2000000000000135,8.799999999999997,8.700000000000005,2.3999999999999995,9.199999999999987,6.999999999999993,6.499999999999997,3.8000000000000167,4.500000000000014,5.2000000000000135,7.799999999999994,3.9000000000000097,2.0,5.600000000000005,0,0,0
Movie Task-summer,subject006,13,146.11759979999624,4.000000000000013,8.29999999999999,1.5000000000000044,8.0,7.099999999999995,8.59999999999999,9.299999999999992,2.699999999999999,3.1999999999999993,3.1000000000000054,7.900000000000004,6.299999999999998,8.900000000000004,9.399999999999988,7.3000000000000025,9.999999999999986,0,0,0
Movie Task-summer,subject006,13,130.21984350000275,8.69999999999999,8.499999999999988,2.0,7.599999999999992,6.399999999999999,7.499999999999992,9.000000000000004,8.09999999999999,8.0,6.30000000000001,5.000000000000003,4.300000000000001,7.499999999999992,8.599999999999994,5.399999999999999,7.899999999999993,0,0,0
Movie Task-summer,subject006,13,115.44146329999785,5.899999999999997,9.099999999999989,2.899999999999999,9.199999999999989,7.999999999999993,9.0,3.2000000000000055,5.500000000000016,4.6,2.100000000000001,9.799999999999986,8.999999999999986,8.99999999999999,9.0,7.800000000000004,9.599999999999998,0,0,0
Movie Task-summer,subject006,13,190.60076890001073,8.0,6.800000000000011,2.2000000000000117,7.599999999999998,6.399999999999999,8.79999999999999,4.100000000000014,8.599999999999989,9.199999999999987,6.0,7.499999999999995,8.0,7.6000000000000085,7.0,8.599999999999987,6.300000000000013,0,0,0
Movie Task-summer,subject006,13,63.131898100007675,8.499999999999995,7.299999999999999,2.6000000000000014,7.400000000000002,6.7999999999999945,7.199999999999996,4.0,7.599999999999993,7.200000000000003,4.500000000000011,4.200000000000001,3.900000000000001,8.0,3.9,5.899999999999997,5.399999999999999,0,0,0
Movie Task-summer,subject006,13,8.463814600007026,9.299999999999992,8.0,2.900000000000009,8.09999999999999,8.099999999999996,7.899999999999991,7.0,6.299999999999999,7.499999999999993,3.8000000000000025,8.900000000000004,5.3,7.20000000000001,3.8000000000000167,7.699999999999991,6.0,0,0,0
Movie Task-lms,subject006,-7,86.50500209999154,2.800000000000005,4.3000000000000025,3.2999999999999985,8.29999999999999,4.300000000000013,4.700000000000001,3.2000000000000126,2.500000000000012,2.800000000000005,2.7000000000000157,4.0,6.7999999999999945,3.0,8.799999999999986,8.0,7.499999999999993,0,0,0
Movie Task-lms,subject006,-7,143.4310078999988,2.300000000000001,7.0,6.0,4.0,2.900000000000016,7.699999999999992,6.500000000000012,2.799999999999998,3.8000000000000096,2.8000000000000123,8.39999999999999,3.0,5.999999999999998,2.9999999999999982,4.0,6.899999999999996,0,0,0
Movie Task-lms,subject006,-7,156.42537989999983,5.700000000000012,5.0,8.29999999999999,5.700000000000012,7.099999999999993,7.199999999999999,5.2000000000000135,2.0,2.4000000000000012,3.3000000000000127,8.0,5.200000000000017,5.500000000000001,8.0,5.30000000000001,7.699999999999992,0,0,0
Movie Task-lms,subject006,-7,96.37501620000694,4.900000000000015,2.0,3.0,7.0,8.0,8.0,3.700000000000013,3.3000000000000163,3.5000000000000093,2.900000000000016,6.000000000000014,3.0,5.000000000000014,8.199999999999989,4.000000000000006,6.700000000000005,0,0,0
Movie Task-lms,subject006,-7,171.68761569999333,7.0,6.900000000000011,3.0,7.500000000000009,8.600000000000001,7.0,6.500000000000002,4.0,5.0,3.0,10.0,5.400000000000002,5.799999999999999,7.799999999999997,2.0,7.2999999999999945,0,0,0
Movie Task-lms,subject006,-7,6.529190200002631,8.09999999999999,5.900000000000011,4.0,7.2999999999999945,8.299999999999992,7.799999999999993,4.0,7.599999999999991,9.200000000000003,6.400000000000009,3.0,5.899999999999999,4.300000000000017,7.999999999999992,5.30000000000001,7.099999999999994,0,0,0
Movie Task-lms,subject007,-14,220.68565470000613,7.899999999999993,6.599999999999996,3.3000000000000003,9.399999999999995,2.9000000000000123,1.400000000000001,7.0000000000000036,4.20000000000001,4.20000000000001,6.399999999999997,7.299999999999999,4.2000000000000135,2.9000000000000052,1.9000000000000115,4.6000000000000005,1.9999999999999991,0,0,0
Movie Task-lms,subject007,-14,146.131575899999,6.799999999999995,4.300000000000013,4.000000000000013,10.0,2.4999999999999996,2.000000000000015,3.100000000000002,6.800000000000001,8.600000000000001,7.699999999999992,3.6000000000000023,5.899999999999997,4.400000000000003,2.500000000000012,8.100000000000003,4.0,0,0,0
Movie Task-lms,subject007,-14,168.5657082999969,6.899999999999997,3.3999999999999986,8.0,9.699999999999987,3.0,2.0,3.000000000000009,7.200000000000003,9.0,8.999999999999986,5.400000000000006,6.400000000000002,8.699999999999989,5.200000000000001,7.299999999999992,6.0000000000000036,0,0,0
Movie Task-lms,subject007,-14,103.59929260000354,4.200000000000001,6.499999999999998,3.3000000000000003,10.0,3.000000000000009,1.1999999999999975,3.4000000000000092,4.0,3.500000000000002,4.6,3.7000000000000006,5.999999999999998,2.6000000000000014,7.399999999999995,3.600000000000006,4.500000000000018,0,0,0
Movie Task-lms,subject007,-14,191.55114199999662,2.4000000000000012,4.100000000000003,3.100000000000002,8.799999999999988,1.6000000000000152,2.000000000000008,3.099999999999999,2.699999999999999,3.5000000000000164,3.6000000000000023,2.5000000000000155,4.000000000000013,3.4999999999999987,7.200000000000003,7.3000000000000025,3.700000000000013,0,0,0
Movie Task-lms,subject007,-14,21.615222799999174,3.700000000000006,2.900000000000016,2.700000000000005,9.299999999999995,1.5999999999999983,2.300000000000012,3.400000000000013,4.400000000000003,3.300000000000009,4.800000000000002,1.7000000000000153,5.100000000000007,2.100000000000001,6.500000000000005,6.9000000000000075,2.9000000000000004,0,0,0
Movie Task-c4,subject007,5,182.7934258000023,3.0,1.9999999999999991,2.1999999999999993,8.0,1.5999999999999974,1.9999999999999991,2.8000000000000016,3.500000000000013,6.700000000000012,6.299999999999995,2.200000000000001,6.399999999999996,3.100000000000002,8.000000000000004,7.6000000000000085,3.4000000000000163,0,0,0
Movie Task-c4,subject007,5,98.4280926999927,2.2999999999999994,1.5999999999999992,1.4000000000000046,9.1,2.4000000000000012,1.5999999999999974,2.100000000000001,1.9999999999999982,3.099999999999999,6.900000000000004,2.0,7.100000000000003,2.800000000000016,6.899999999999993,4.3000000000000025,2.2999999999999994,0,0,0
Movie Task-c4,subject007,5,87.48514040000737,2.5999999999999988,2.799999999999998,2.900000000000009,7.99999999999999,1.0,2.0,2.9000000000000052,1.9999999999999973,2.8000000000000007,7.100000000000003,3.3000000000000163,6.2000000000000135,2.1999999999999993,7.799999999999991,6.200000000000003,2.700000000000005,0,0,0
Movie Task-c4,subject007,5,189.13258980000683,8.799999999999986,2.7000000000000015,5.900000000000015,9.300000000000002,1.4000000000000081,2.1,3.699999999999999,8.899999999999993,7.89999999999999,9.499999999999988,2.400000000000005,7.000000000000011,6.6000000000000085,6.0000000000000036,9.499999999999991,2.0,0,0,0
Movie Task-c4,subject007,5,132.75445600000967,2.799999999999998,1.600000000000001,2.8000000000000007,8.000000000000004,1.3000000000000154,1.8999999999999984,1.0,3.1999999999999993,3.6000000000000094,7.20000000000001,3.2000000000000126,5.500000000000009,1.2999999999999985,6.20000000000001,7.499999999999994,3.1999999999999984,0,0,0
Movie Task-c4,subject007,5,8.191806499991799,7.6999999999999975,1.400000000000001,3.1999999999999993,5.6000000000000085,2.0000000000000044,1.9999999999999991,2.3000000000000154,7.699999999999991,7.599999999999998,5.700000000000012,6.199999999999996,7.000000000000007,2.100000000000008,4.3000000000000025,8.29999999999999,3.100000000000009,0,0,0
Movie Task-summer,subject007,7,87.74728709999181,3.5000000000000164,1.900000000000015,2.100000000000001,6.699999999999996,2.1999999999999975,2.8000000000000016,2.999999999999999,6.999999999999993,3.0000000000000018,7.600000000000001,3.5000000000000093,5.9999999999999964,2.3000000000000083,7.000000000000007,7.499999999999994,2.699999999999998,0,0,0
Movie Task-summer,subject007,7,143.6633445000043,3.5000000000000093,2.0999999999999983,4.400000000000017,6.0,5.800000000000015,5.800000000000011,7.400000000000006,4.199999999999999,1.900000000000015,5.8999999999999995,6.0000000000000036,2.7000000000000086,3.100000000000009,7.499999999999994,5.899999999999998,6.599999999999997,0,0,0
Movie Task-summer,subject007,7,157.7572855000035,7.99999999999999,7.799999999999997,2.7000000000000157,3.900000000000017,3.000000000000016,2.700000000000012,3.4000000000000092,8.099999999999989,6.399999999999998,7.800000000000004,4.0,6.100000000000014,7.3999999999999915,7.399999999999999,7.699999999999991,4.100000000000017,0,0,0
Movie Task-summer,subject007,7,100.61210900000879,5.6000000000000005,3.5000000000000093,7.100000000000003,6.800000000000008,3.700000000000013,3.7000000000000095,3.5000000000000164,7.599999999999998,6.9,8.099999999999989,5.20000000000001,6.800000000000011,8.399999999999988,5.9000000000000075,6.799999999999997,5.999999999999998,0,0,0
Movie Task-summer,subject007,7,174.25452440000663,5.799999999999998,2.9000000000000052,2.500000000000012,7.499999999999991,1.800000000000008,2.9000000000000123,2.0,5.899999999999999,6.20000000000001,7.499999999999991,3.200000000000002,6.800000000000004,5.899999999999997,3.300000000000002,7.599999999999993,2.4000000000000155,0,0,0
Movie Task-summer,subject007,7,4.345338600003743,2.1000000000000045,2.9000000000000017,2.5000000000000013,5.600000000000005,2.0,1.800000000000001,2.500000000000012,3.900000000000017,1.0000000000000002,7.20000000000001,3.0999999999999983,2.0,2.5000000000000084,5.400000000000009,3.4999999999999996,2.5999999999999988,0,0,0
Movie Task-lms,subject008,12,146.58770919998642,3.1999999999999984,7.499999999999992,4.40000000000001,6.999999999999995,4.400000000000002,9.099999999999987,5.1000000000000005,4.0,2.6000000000000014,2.0,3.900000000000017,3.6000000000000094,3.0,5.600000000000005,8.0,6.999999999999994,0,0,0
Movie Task-lms,subject008,12,164.11340649996419,7.799999999999991,7.0,4.0,8.899999999999988,7.799999999999993,8.299999999999995,6.699999999999994,3.5000000000000164,8.300000000000006,2.899999999999998,1.6999999999999993,7.100000000000003,2.500000000000005,4.100000000000017,7.79999999999999,7.399999999999995,0,0,0
Movie Task-lms,subject008,12,118.89486200001556,8.0,6.999999999999994,8.599999999999994,2.0,7.600000000000005,10.0,6.699999999999997,5.299999999999999,6.700000000000012,3.4000000000000012,7.599999999999991,3.800000000000006,2.8000000000000087,2.0,8.099999999999993,4.400000000000002,0,0,0
Movie Task-lms,subject008,12,113.18903240002692,7.499999999999991,8.0,8.09999999999999,7.899999999999992,10.0,8.79999999999999,3.600000000000013,2.600000000000005,2.9000000000000017,7.400000000000009,9.199999999999989,7.499999999999998,6.0,7.499999999999991,8.0,7.200000000000006,0,0,0
Movie Task-lms,subject008,12,146.0995073999511,7.9000000000000075,8.199999999999989,3.2000000000000126,7.199999999999993,3.0,8.400000000000002,8.400000000000002,3.200000000000016,2.699999999999998,4.0,8.899999999999988,6.699999999999995,3.900000000000001,1.1000000000000152,4.00000000000001,7.799999999999993,0,0,0
Movie Task-lms,subject008,12,5.826084700063802,8.199999999999992,5.100000000000001,2.7000000000000015,3.0,4.200000000000003,7.399999999999999,2.0,8.0,1.9999999999999991,7.800000000000004,2.6000000000000156,3.0,3.3000000000000056,7.399999999999994,3.4999999999999987,3.3000000000000056,0,0,0
Movie Task-summer,subject008,9,96.88047969993204,7.299999999999993,7.79999999999999,6.400000000000013,2.6000000000000156,8.0,6.400000000000013,3.100000000000009,3.0999999999999983,3.000000000000009,7.0,2.200000000000008,3.800000000000006,2.799999999999998,3.800000000000006,2.600000000000012,3.100000000000016,0,0,0
Movie Task-summer,subject008,9,159.54289510007948,8.099999999999996,9.0,4.0,10.0,10.0,7.799999999999993,7.000000000000011,2.599999999999998,1.3000000000000154,6.599999999999996,3.0999999999999983,7.999999999999992,7.199999999999996,8.99999999999999,8.900000000000004,9.0,0,0,0
Movie Task-summer,subject008,9,112.93942199996673,9.8,9.000000000000004,5.600000000000012,9.89999999999999,9.799999999999983,8.599999999999987,5.500000000000005,3.8,1.6000000000000116,3.5000000000000093,2.100000000000008,8.399999999999995,7.800000000000008,9.999999999999996,1.0,7.799999999999991,0,0,0
Movie Task-summer,subject008,9,114.09030209993944,3.5000000000000093,1.0,3.0,7.299999999999995,5.000000000000014,7.500000000000005,1.0,3.1000000000000054,3.300000000000009,1.7000000000000117,2.699999999999998,2.899999999999999,1.0,6.9,1.000000000000001,3.4000000000000057,0,0,0
Movie Task-summer,subject008,9,143.24679850006942,7.599999999999994,8.999999999999996,8.599999999999994,10.0,7.499999999999992,10.0,1.4000000000000152,2.400000000000012,1.900000000000015,2.0,3.0,7.200000000000006,1.2000000000000046,4.200000000000003,1.0,3.4000000000000092,0,0,0
Movie Task-summer,subject008,9,4.560025000013411,4.500000000000014,1.0,7.299999999999994,4.200000000000006,8.499999999999998,6.300000000000006,1.0,1.0,3.5000000000000093,3.6000000000000165,2.100000000000015,2.1999999999999993,1.0,1.0,1.0,2.100000000000008,0,0,0
Movie Task-c4,subject008,8,113.81648399995174,2.4000000000000083,2.3000000000000154,5.6000000000000085,8.0,9.400000000000002,2.1999999999999975,1.900000000000015,7.099999999999996,2.1,5.0,4.20000000000001,2.700000000000012,1.0,1.6000000000000116,1.0,3.4999999999999987,0,0,0
Movie Task-c4,subject008,8,113.33984599995892,3.0,6.399999999999998,2.2999999999999976,3.0,7.199999999999996,3.700000000000013,1.8000000000000151,3.0,8.299999999999988,2.0,2.3999999999999977,3.5000000000000058,2.800000000000016,2.400000000000005,1.5000000000000044,2.0,0,0,0
Movie Task-c4,subject008,8,144.7977145999903,2.8000000000000016,1.6999999999999993,2.3999999999999977,5.7,6.9000000000000075,2.400000000000005,9.0,2.1000000000000045,7.599999999999998,6.499999999999995,1.7999999999999976,2.100000000000008,2.699999999999998,2.1999999999999975,1.8999999999999984,3.0000000000000018,0,0,0
Movie Task-c4,subject008,8,128.5008497000672,2.699999999999999,3.3999999999999995,6.800000000000011,4.800000000000007,4.500000000000011,2.999999999999999,2.5999999999999988,3.4000000000000057,6.699999999999994,3.400000000000002,4.100000000000007,4.20000000000001,2.2999999999999976,2.0000000000000044,1.3000000000000154,2.300000000000001,0,0,0
Movie Task-c4,subject008,8,100.01364180003293,1.1000000000000152,2.800000000000016,3.1,4.800000000000001,6.600000000000005,5.6000000000000085,6.000000000000011,6.199999999999998,5.0,2.699999999999998,3.2000000000000126,3.0000000000000004,5.200000000000017,1.2000000000000153,2.1999999999999993,2.0,0,0,0
Movie Task-c4,subject008,8,5.2908907000673935,3.0000000000000053,3.0000000000000053,3.700000000000001,6.1,7.199999999999995,5.200000000000003,4.300000000000017,3.6000000000000023,5.700000000000012,4.400000000000007,2.3000000000000154,3.799999999999999,3.7000000000000166,5.400000000000016,1.0000000000000047,3.0,0,0,0
Movie Task-summer,subject009,-5,227.74853809992783,10.0,8.699999999999998,4.6000000000000005,10.0,1.5999999999999992,10.0,7.299999999999994,1.0,1.0,3.100000000000001,7.499999999999991,10.0,8.999999999999993,10.0,1.0,8.499999999999988,0,0,0
Movie Task-summer,subject009,-5,116.47480260010343,10.0,8.199999999999992,1.0,8.100000000000007,7.999999999999989,10.0,8.999999999999986,1.0,1.0,1.0,10.0,10.0,10.0,10.0,1.0,7.20000000000001,0,0,0
Movie Task-summer,subject009,-5,148.71766970003955,10.0,10.0,10.0,1.0,1.0,10.0,10.0,1.0,6.9999999999999964,1.0,10.0,10.0,2.800000000000016,10.0,1.0,10.0,0,0,0
Movie Task-summer,subject009,-5,101.96247580007184,10.0,10.0,1.0,1.0,5.300000000000002,10.0,1.0,1.0,1.0,1.0,10.0,10.0,7.999999999999989,4.400000000000007,1.0,1.0,0,0,0
Movie Task-summer,subject009,-5,161.6946067000972,10.0,10.0,7.799999999999994,5.100000000000003,10.0,10.0,7.499999999999994,3.7000000000000166,1.0,4.8000000000000105,3.4000000000000163,8.500000000000005,8.399999999999991,2.2000000000000117,10.0,8.2,0,0,0
Movie Task-summer,subject009,-5,14.739531700033695,1.0,1.0,1.0,1.0,1.0,1.0,1.0,1.0,1.0,1.0,1.0,1.0,1.0,1.0,1.0,1.0,0,0,0
Movie Task-c4,subject009,-10,202.2010581000941,10.0,1.0,1.0,10.0,10.0,10.0,1.0,1.0,1.0,1.0,10.0,10.0,10.0,5.000000000000018,1.0,1.0,0,0,0
Movie Task-c4,subject009,-10,59.73027389997151,10.0,9.500000000000002,1.0,10.0,10.0,5.200000000000017,1.0,1.0,1.0,1.0,10.0,10.0,10.0,3.2000000000000126,1.0,1.0,0,0,0
Movie Task-c4,subject009,-10,99.29497009993065,10.0,10.0,7.500000000000005,10.0,1.0,10.0,10.0,1.0,1.0,1.0,5.100000000000007,10.0,10.0,5.0,1.0,7.899999999999993,0,0,0
Movie Task-c4,subject009,-10,187.0482771000825,10.0,10.0,5.3999999999999995,10.0,10.0,10.0,10.0,1.0,1.0,1.0,10.0,10.0,10.0,1.4,1.0,6.999999999999995,0,0,0
Movie Task-c4,subject009,-10,68.37029559991788,10.0,4.700000000000002,4.8000000000000025,10.0,1.0,10.0,8.29999999999999,1.0,1.0,1.0,10.0,10.0,10.0,2.0,1.0,7.399999999999994,0,0,0
Movie Task-c4,subject009,-10,6.07392560003791,10.0,8.099999999999993,4.800000000000007,10.0,1.0,5.200000000000001,8.49999999999999,1.0,1.0,1.0,10.0,10.0,10.0,3.0,1.0,8.599999999999998,0,0,0
Movie Task-lms,subject009,-13,162.89971329993568,10.0,10.0,1.0,1.0,1.0,10.0,1.0,1.0,1.0,1.0,10.0,10.0,5.7,9.299999999999988,1.0,1.0,0,0,0
Movie Task-lms,subject009,-13,186.46397939999588,10.0,10.0,1.0,5.500000000000009,8.400000000000006,10.0,8.59999999999999,1.0,1.0,1.0,10.0,10.0,10.0,10.0,1.0,1.0,0,0,0
Movie Task-lms,subject009,-13,113.04040969989728,6.900000000000011,10.0,8.699999999999987,1.0,1.0,3.200000000000009,10.0,1.0,1.0,1.0,10.0,10.0,10.0,10.0,1.0,1.0,0,0,0
Movie Task-lms,subject009,-13,128.11892209993675,10.0,10.0,1.0,4.400000000000014,10.0,10.0,10.0,1.0,1.0,1.0,10.0,10.0,10.0,7.89999999999999,1.0,6.799999999999994,0,0,0
Movie Task-lms,subject009,-13,127.73447700007819,10.0,10.0,1.0,5.600000000000016,5.800000000000011,10.0,10.0,1.0,1.0,1.0,10.0,10.0,10.0,10.0,1.0,1.0,0,0,0
Movie Task-lms,subject009,-13,7.165535100037232,1.0,10.0,1.0,1.0,1.0,10.0,10.0,1.0,1.0,1.0,10.0,1.0,10.0,4.699999999999999,1.0,1.0,0,0,0
Movie Task-summer,subject010 ,9,213.25978599998052,2.999999999999999,8.69999999999999,8.59999999999999,10.0,3.100000000000002,4.800000000000018,8.0,2.0,4.400000000000002,7.0,1.8000000000000045,6.400000000000013,8.699999999999989,3.4999999999999987,8.899999999999988,10.0,0,0,0
Movie Task-summer,subject010 ,9,63.05049209998106,3.699999999999999,2.5000000000000155,8.0,10.0,6.1,4.300000000000006,1.0,1.9999999999999991,5.500000000000005,3.200000000000001,7.800000000000008,5.100000000000017,8.399999999999991,5.000000000000001,4.400000000000001,4.100000000000017,0,0,0
Movie Task-summer,subject010 ,9,101.54695980000542,4.200000000000002,9.299999999999986,5.500000000000001,10.0,9.399999999999986,9.499999999999986,1.0,3.0999999999999983,6.099999999999997,2.8000000000000007,6.7999999999999945,9.199999999999992,10.0,8.0,8.0,1.900000000000015,0,0,0
Movie Task-summer,subject010 ,9,189.7324091999908,3.7000000000000006,6.9999999999999964,1.900000000000015,4.800000000000003,1.0,4.100000000000001,1.0,2.0,5.0,1.0,5.000000000000002,6.10000000000001,1.0,6.399999999999999,2.800000000000005,1.9000000000000008,0,0,0
Movie Task-summer,subject010 ,9,68.25386259998777,2.0,3.4999999999999987,2.700000000000012,3.4999999999999982,1.0,3.7000000000000095,2.4000000000000083,1.0,5.000000000000002,2.1000000000000116,5.000000000000011,1.800000000000008,1.0,5.100000000000014,1.0,1.1999999999999993,0,0,0
Movie Task-summer,subject010 ,9,5.559570600016741,1.3999999999999986,8.0,1.4000000000000046,1.3999999999999986,1.2999999999999985,4.000000000000017,1.0,1.0,8.999999999999993,1.0,5.100000000000014,1.8000000000000116,1.0,6.0000000000000036,2.0,1.0,0,0,0
Movie Task-c4,subject010 ,5,106.69497000001138,3.700000000000013,6.3000000000000025,1.0,9.999999999999986,5.500000000000005,7.399999999999995,2.7000000000000086,2.2999999999999976,7.599999999999991,6.399999999999996,2.5999999999999988,5.100000000000003,6.100000000000003,10.0,2.3,1.0,0,0,0
Movie Task-c4,subject010 ,5,189.60180149998632,2.1999999999999984,8.0,2.899999999999999,9.0,1.4999999999999993,2.799999999999999,7.000000000000007,1.2000000000000153,8.99999999999999,1.7999999999999994,5.100000000000007,7.100000000000003,6.600000000000005,8.699999999999994,2.699999999999998,1.4999999999999976,0,0,0
Movie Task-c4,subject010 ,5,156.97440430001006,2.0,8.600000000000005,5.6000000000000085,10.0,2.900000000000016,3.0000000000000053,6.20000000000001,1.9999999999999973,8.89999999999999,6.000000000000011,3.5000000000000004,7.399999999999999,6.399999999999995,9.099999999999987,3.9000000000000026,4.000000000000006,0,0,0
Movie Task-c4,subject010 ,5,128.95144269999582,1.900000000000008,7.900000000000004,1.0,8.400000000000006,2.600000000000005,2.099999999999999,6.299999999999999,1.0,9.499999999999988,1.9999999999999973,5.3999999999999995,3.2999999999999985,7.599999999999994,8.699999999999987,2.0999999999999974,1.0000000000000153,0,0,0
Movie Task-c4,subject010 ,5,118.46055339998566,2.2,7.6000000000000085,1.0,10.0,2.2999999999999985,3.8000000000000096,7.30000000000001,1.0,9.500000000000002,4.299999999999999,5.100000000000017,4.5000000000000036,8.800000000000004,9.0,1.0999999999999985,2.0000000000000044,0,0,0
Movie Task-c4,subject010 ,5,7.380160700005945,1.5999999999999983,7.499999999999994,1.700000000000001,9.799999999999983,2.7000000000000006,2.5000000000000155,6.9999999999999964,1.3999999999999995,9.799999999999983,4.30000000000001,5.100000000000014,4.200000000000017,8.999999999999986,9.699999999999987,2.8000000000000016,1.600000000000001,0,0,0
Movie Task-lms,subject010 ,10,117.06283700000495,2.0,6.199999999999996,3.0,8.200000000000003,2.800000000000016,3.3000000000000127,3.099999999999999,2.2000000000000046,8.799999999999997,2.3000000000000083,5.0000000000000036,4.40000000000001,6.4999999999999964,7.799999999999991,2.0999999999999983,3.8000000000000016,0,0,0
Movie Task-lms,subject010 ,10,112.37176919999183,3.6000000000000165,8.300000000000002,8.299999999999992,9.799999999999994,3.2000000000000055,4.70000000000001,4.300000000000001,2.0,6.200000000000003,4.1,8.299999999999992,5.900000000000004,8.999999999999988,2.800000000000005,5.700000000000012,7.799999999999994,0,0,0
Movie Task-lms,subject010 ,10,142.17963970001438,2.000000000000015,8.0,7.999999999999993,8.0,4.0,3.6000000000000094,5.0,2.1000000000000045,7.999999999999993,4.000000000000003,7.799999999999991,7.0000000000000036,7.600000000000001,3.5000000000000058,3.2999999999999985,2.2999999999999994,0,0,0
Movie Task-lms,subject010 ,10,126.3832442999992,1.5000000000000115,6.499999999999995,5.700000000000005,8.0,1.8999999999999992,1.5,4.700000000000001,1.4999999999999976,4.600000000000007,5.000000000000014,6.2000000000000135,6.199999999999996,4.10000000000001,8.29999999999999,1.4000000000000117,3.0000000000000018,0,0,0
Movie Task-lms,subject010 ,10,97.27671930001816,6.30000000000001,5.899999999999998,8.699999999999994,8.400000000000006,2.3000000000000003,6.2000000000000135,4.000000000000013,6.0,8.49999999999999,6.600000000000005,4.000000000000006,7.0999999999999925,8.099999999999989,4.700000000000003,8.699999999999989,7.600000000000005,0,0,0
Movie Task-lms,subject010 ,10,3.8578941999876406,8.200000000000003,6.499999999999997,7.799999999999993,10.0,2.100000000000015,3.900000000000006,2.799999999999998,4.000000000000003,6.399999999999997,6.600000000000001,3.9000000000000017,6.500000000000005,7.8999999999999915,3.9,7.399999999999993,6.800000000000001,0,0,0
Movie Task-lms,subject011,-10,220.51379540000926,5.300000000000001,7.299999999999992,3.6000000000000094,8.499999999999995,8.200000000000003,4.500000000000002,7.500000000000005,2.3000000000000003,1.800000000000008,4.900000000000002,5.599999999999999,6.499999999999996,4.700000000000006,3.100000000000016,6.799999999999996,6.999999999999994,0,0,0
Movie Task-lms,subject011,-10,119.86193210000056,6.199999999999999,6.500000000000005,6.699999999999994,7.399999999999994,7.799999999999993,4.7000000000000135,7.899999999999993,3.0000000000000053,2.3000000000000083,4.800000000000002,6.400000000000002,5.9999999999999964,6.10000000000001,6.200000000000006,6.1,7.099999999999993,0,0,0
Movie Task-lms,subject011,-10,143.39740789998905,3.7000000000000015,6.6999999999999975,6.699999999999994,6.000000000000011,6.899999999999993,3.6000000000000005,4.500000000000018,3.900000000000017,2.799999999999999,4.400000000000007,4.199999999999999,2.8999999999999977,5.9000000000000075,6.400000000000013,4.600000000000001,4.8000000000000025,0,0,0
Movie Task-lms,subject011,-10,98.66061049999553,6.600000000000012,6.0000000000000036,4.800000000000018,5.300000000000002,5.400000000000002,4.700000000000001,5.000000000000018,7.0,6.4999999999999964,4.900000000000002,6.399999999999997,6.400000000000013,7.3999999999999915,5.700000000000008,6.800000000000001,7.199999999999996,0,0,0
Movie Task-lms,subject011,-10,157.7919491000066,6.499999999999997,6.999999999999996,7.099999999999996,6.899999999999993,6.1999999999999975,4.60000000000001,6.900000000000011,6.799999999999997,6.500000000000009,6.000000000000014,4.8999999999999995,6.299999999999996,6.799999999999997,5.800000000000011,7.099999999999994,6.9000000000000075,0,0,0
Movie Task-lms,subject011,-10,9.989283700007945,1.7999999999999994,1.9000000000000044,2.2000000000000153,1.3000000000000083,1.6999999999999975,1.600000000000008,2.6000000000000156,1.500000000000008,1.8999999999999984,2.000000000000008,5.000000000000011,1.0,2.300000000000001,5.0,1.6999999999999984,2.8000000000000016,0,0,0
Movie Task-c4,subject011,14,166.65120860000025,5.7,6.299999999999997,7.699999999999994,6.700000000000012,4.1,4.500000000000014,6.0000000000000036,6.600000000000012,4.8000000000000105,5.700000000000008,4.500000000000002,5.800000000000008,7.099999999999993,4.9,5.500000000000012,5.499999999999998,0,0,0
Movie Task-c4,subject011,14,68.55445970001165,4.700000000000001,7.0999999999999925,5.800000000000011,4.400000000000002,5.2000000000000135,5.9999999999999964,7.000000000000007,5.9,4.500000000000018,5.199999999999999,5.800000000000008,5.799999999999999,5.699999999999998,5.3,5.899999999999998,6.499999999999995,0,0,0
Movie Task-c4,subject011,14,221.0746631999791,6.400000000000009,6.400000000000006,6.0000000000000036,5.000000000000003,6.4999999999999964,4.900000000000015,6.500000000000012,5.799999999999997,4.400000000000001,5.900000000000015,6.200000000000003,6.6999999999999975,6.2000000000000135,4.8000000000000025,5.800000000000001,6.0,0,0,0
Movie Task-c4,subject011,14,75.8944878000184,6.500000000000002,7.499999999999993,5.500000000000009,4.900000000000002,4.700000000000003,5.600000000000005,5.800000000000011,6.199999999999998,4.9000000000000075,6.299999999999995,5.600000000000016,6.10000000000001,5.799999999999998,5.700000000000012,5.6999999999999975,6.500000000000009,0,0,0
Movie Task-c4,subject011,14,126.61733900001855,6.20000000000001,6.999999999999993,5.6,4.5000000000000036,4.400000000000003,6.499999999999996,6.899999999999996,6.299999999999999,6.500000000000005,6.199999999999997,3.100000000000009,6.200000000000006,6.500000000000009,5.500000000000016,6.499999999999996,6.499999999999997,0,0,0
Movie Task-c4,subject011,14,7.231191200000467,7.100000000000003,7.100000000000003,5.400000000000001,6.499999999999996,3.9000000000000017,7.099999999999996,7.099999999999994,5.900000000000004,6.299999999999998,4.500000000000007,5.4,4.500000000000018,4.7000000000000135,5.499999999999999,5.400000000000001,6.499999999999997,0,0,0
Movie Task-summer,subject011,-5,164.53307330000098,6.599999999999996,7.199999999999994,5.900000000000004,5.400000000000009,5.700000000000012,6.0,6.799999999999996,4.500000000000002,4.6000000000000005,5.400000000000009,5.400000000000013,7.0,6.0,7.499999999999991,4.6,6.700000000000005,0,0,0
Movie Task-summer,subject011,-5,157.8245745000022,7.0,6.499999999999995,6.099999999999996,6.20000000000001,6.599999999999998,5.2,6.799999999999997,3.400000000000013,5.300000000000006,4.000000000000002,4.700000000000006,5.9000000000000075,6.0,7.499999999999994,5.3,6.399999999999996,0,0,0
Movie Task-summer,subject011,-5,122.51418580001337,6.300000000000013,7.799999999999997,5.100000000000002,5.499999999999999,3.8000000000000096,5.8999999999999995,6.400000000000002,4.000000000000003,3.700000000000013,4.5000000000000036,4.000000000000006,4.3000000000000025,5.800000000000004,8.199999999999989,6.300000000000006,5.000000000000011,0,0,0
Movie Task-summer,subject011,-5,127.41629540000577,5.800000000000004,5.800000000000011,6.499999999999995,5.700000000000015,6.6999999999999975,4.60000000000001,5.999999999999999,3.5000000000000164,3.4000000000000057,5.399999999999999,4.700000000000006,5.899999999999998,6.000000000000007,7.599999999999994,6.899999999999995,6.100000000000014,0,0,0
Movie Task-summer,subject011,-5,127.48453019998851,5.999999999999998,6.4999999999999964,6.899999999999996,5.500000000000009,5.999999999999998,6.099999999999999,5.899999999999997,3.7000000000000166,4.200000000000002,6.399999999999995,6.400000000000002,5.7,5.500000000000012,7.000000000000007,4.300000000000017,6.999999999999993,0,0,0
Movie Task-summer,subject011,-5,6.567618600005517,5.200000000000001,4.900000000000002,6.300000000000013,4.1,4.0,6.000000000000011,4.7000000000000135,6.699999999999994,5.5,4.1,5.000000000000007,5.700000000000005,5.200000000000001,6.30000000000001,5.100000000000001,5.800000000000004,0,0,0
Movie Task-c4,subject012,15,179.74347469999339,7.0999999999999925,3.5999999999999988,6.599999999999995,6.399999999999997,5.1,9.499999999999984,7.199999999999994,6.300000000000006,2.8000000000000016,6.500000000000012,4.800000000000007,8.0,2.299999999999997,3.000000000000009,9.0,5.700000000000015,0,0,0
Movie Task-c4,subject012,15,133.12173419998726,6.499999999999995,6.700000000000008,3.0,10.0,7.700000000000005,8.600000000000005,5.0,3.0,4.199999999999999,3.8000000000000096,7.599999999999994,7.200000000000003,3.8000000000000016,3.200000000000001,8.300000000000006,7.0,0,0,0
Movie Task-c4,subject012,15,130.08564950001892,4.800000000000003,6.099999999999999,7.6000000000000085,6.200000000000006,4.000000000000002,7.0,4.800000000000003,4.6000000000000005,3.7000000000000015,6.0,4.0,7.500000000000005,4.100000000000001,7.0,6.199999999999997,4.299999999999999,0,0,0
Movie Task-c4,subject012,15,190.3849284000171,4.800000000000001,3.900000000000006,4.500000000000002,5.200000000000006,6.0,7.300000000000006,2.7000000000000015,6.800000000000011,6.20000000000001,5.3,6.299999999999996,3.6000000000000014,6.000000000000007,5.200000000000002,7.699999999999994,7.500000000000009,0,0,0
Movie Task-c4,subject012,15,55.261072600027546,10.0,7.89999999999999,3.300000000000001,4.900000000000002,6.400000000000006,5.899999999999999,7.299999999999992,5.3999999999999995,6.500000000000005,6.499999999999995,3.200000000000016,3.6000000000000005,7.499999999999995,2.0,10.0,6.399999999999999,0,0,0
Movie Task-c4,subject012,15,9.85042119998252,4.500000000000002,8.400000000000006,9.9,5.999999999999997,7.100000000000003,5.499999999999999,6.0,3.6000000000000014,6.0000000000000036,6.099999999999996,4.0,7.400000000000006,3.200000000000001,1.5,3.099999999999999,5.000000000000007,0,0,0
Movie Task-lms,subject012,12,159.69854879999184,10.0,7.0,6.399999999999995,6.9999999999999964,3.5000000000000013,7.0,3.6000000000000014,9.799999999999986,6.799999999999994,6.199999999999997,8.0,7.700000000000005,4.000000000000002,2.2999999999999994,5.6,9.499999999999986,0,0,0
Movie Task-lms,subject012,12,71.8732945000229,9.599999999999985,6.799999999999995,9.499999999999998,7.099999999999996,8.200000000000006,6.699999999999995,8.900000000000004,4.1,4.200000000000001,5.3000000000000025,7.399999999999999,8.199999999999989,8.999999999999993,8.600000000000001,7.899999999999992,6.299999999999997,0,0,0
Movie Task-lms,subject012,12,219.2407722999924,5.6000000000000005,8.0,7.499999999999995,3.999999999999999,4.200000000000001,6.500000000000005,8.100000000000007,4.5000000000000036,7.20000000000001,2.3999999999999977,4.30000000000001,7.700000000000008,7.9000000000000075,7.199999999999996,6.299999999999997,7.9,0,0,0
Movie Task-lms,subject012,12,71.42362099999445,6.0,4.0,8.599999999999998,6.500000000000005,5.899999999999997,8.400000000000006,8.0,8.0,6.399999999999997,8.000000000000007,5.000000000000001,7.30000000000001,5.000000000000011,9.999999999999984,6.099999999999998,6.700000000000005,0,0,0
Movie Task-lms,subject012,12,128.4362347999995,3.4000000000000012,8.99999999999999,7.600000000000005,8.700000000000005,2.999999999999999,5.300000000000002,8.499999999999995,4.000000000000002,3.799999999999999,8.300000000000006,9.099999999999996,6.899999999999993,2.2999999999999985,6.700000000000008,5.200000000000006,4.100000000000001,0,0,0
Movie Task-lms,subject012,12,8.90130520000821,4.000000000000003,5.799999999999998,2.699999999999998,3.9000000000000097,3.1999999999999984,8.29999999999999,2.3000000000000047,6.399999999999996,6.900000000000011,7.700000000000008,6.399999999999998,6.599999999999996,4.9,9.899999999999984,2.200000000000008,6.000000000000007,0,0,0
Movie Task-summer,subject012,14,178.36304540000856,3.099999999999999,5.8999999999999995,4.700000000000001,3.999999999999999,7.3999999999999915,6.799999999999994,3.799999999999999,7.499999999999992,8.49999999999999,1.599999999999997,4.800000000000007,7.299999999999992,7.700000000000008,5.0,9.599999999999994,4.700000000000017,0,0,0
Movie Task-summer,subject012,14,111.7047692000051,3.5000000000000013,4.500000000000002,7.30000000000001,5.600000000000005,5.6000000000000005,4.300000000000001,2.9999999999999982,7.300000000000006,5.300000000000001,5.300000000000006,8.000000000000007,8.799999999999994,6.500000000000005,9.000000000000004,4.000000000000002,8.1,0,0,0
Movie Task-summer,subject012,14,99.8970911000215,6.599999999999994,5.300000000000001,7.500000000000002,6.699999999999994,7.299999999999993,4.6000000000000005,6.300000000000006,5.899999999999999,7.300000000000006,3.200000000000001,5.500000000000005,7.599999999999994,4.500000000000002,4.600000000000001,5.500000000000005,7.599999999999992,0,0,0
Movie Task-summer,subject012,14,143.0142302000022,3.0999999999999983,4.700000000000001,7.900000000000004,6.000000000000011,3.800000000000006,4.200000000000002,4.70000000000001,7.300000000000006,5.8,7.899999999999997,7.299999999999994,3.7000000000000006,9.199999999999992,6.800000000000008,7.599999999999991,6.9000000000000075,0,0,0
Movie Task-summer,subject012,14,98.79491619998589,3.100000000000001,7.9000000000000075,6.799999999999997,3.9000000000000012,6.900000000000004,7.000000000000007,3.6000000000000094,5.5,3.9000000000000017,7.400000000000006,5.799999999999999,7.199999999999996,7.2999999999999945,4.800000000000007,4.400000000000002,1.2999999999999994,0,0,0
Movie Task-summer,subject012,14,6.0941460999893025,7.500000000000009,5.200000000000006,6.799999999999994,4.700000000000001,6.699999999999994,5.100000000000007,7.400000000000009,6.9999999999999964,6.499999999999995,5.2,3.5999999999999988,4.5000000000000036,4.2000000000000135,5.300000000000006,4.8000000000000025,6.600000000000012,0,0,0
